country,1990,1991,1992,1993,1994,1995,1996,1997,1998,1999,2000,2001,2002,2003,2004,2005,2006,2007,2008,2009,2010,2011,2012,2013,2014,2015,2016,2017,2018
Afghanistan,98.5,98.5,98.6,98.6,98.6,98.7,98.7,98.7,98.7,98.8,98.8,98.7,98.6,98.6,98.5,98.5,98.4,98.3,98,97.5,97.1,96.6,95.9,95.2,94.4,93.5,92.4,92.1,91.8
Angola,82.5,81.8,81.6,80.2,80.3,80,80.3,80.4,78.2,77.7,77.9,78.4,78.4,77.5,77.3,78.3,78.5,79.3,82.8,82.9,83.5,83.8,84.7,85.6,86.4,86.6,86.9,87.3,87.3
Albania,59.2,61.4,61,60.6,59.6,59.1,63.1,62.6,61.2,60.6,59.4,59.4,59.1,58.8,59.3,58.3,58.1,67.2,65.2,63,65.1,68,62.9,58.7,57.3,56.7,54.9,53,52.1
United Arab Emirates,1.13,1.13,1.13,1.13,1.13,1.13,1.13,1.13,1.14,1.15,1.15,1.15,1.15,1.17,1.26,1.14,1.02,0.942,0.959,1.01,1.09,1.14,1.19,1.24,1.25,1.31,2.49,3.74,5.64
Argentina,28.6,27.5,28.7,27.9,25.1,25.7,25,24.5,24.2,23.6,23.9,21.9,21.2,21,20.6,19.8,19.1,19.2,19.9,19.4,18.7,18.7,19.1,19.5,20.1,20.8,21.5,22.6,23.4
Armenia,43.5,45.1,46.6,48.6,49.7,51,52.1,52.5,53.3,54.3,54.3,54.4,53.9,53,52.2,50.9,49.2,47.6,47.4,49.8,48.6,48.5,48.2,45.5,42.9,41,39.1,31.7,29.4
Australia,15.4,15.3,15.6,15.5,15.3,15.1,15.6,14.9,14.4,14.6,14.7,14.8,14.4,14.1,14.3,13.6,13.2,13.4,13.1,13.3,12.9,12.7,12.2,12.6,12.6,12.6,12.4,12,12.3
Austria,15.1,14.9,14.7,14.3,14.1,14.3,13.3,13.1,13.1,12.5,12.3,12.1,11.5,9.86,10.4,10.5,11.5,11.1,11.1,11.2,10.7,10.5,10.5,10.5,10.4,10,9.84,9.42,9.47
Azerbaijan,55.9,57.3,58.7,60.2,62,64.1,65.9,67.5,68.8,69.7,70.3,70.8,71.3,71.5,71.9,71.9,71.7,71.5,71.1,71.6,71.4,71.1,70.8,71.3,72.5,72.7,73,73.1,72.8
Burundi,78.8,79.2,79.7,79.9,81.1,82.6,82.8,83,83.4,83.5,83.9,84.1,84.5,86.1,85.6,86.2,86.3,86.9,86.7,87.3,87.6,87.5,87.7,87.9,88.5,88.7,89.4,89.9,90.4
Belgium,15.3,16.4,16,15.3,16.4,15.8,15.2,14.7,16,13.8,13,13.5,12.7,11.7,12.2,11.8,11.5,10.8,11.3,10.8,10.5,10.5,10.7,10.9,11.1,10.6,10.7,10.7,10.7
Benin,96.8,96.8,96.8,96.1,96.1,96,96,96,95.8,95.7,95.5,95.4,95.4,95.4,95.4,95.4,95.4,95.5,95.5,95.4,95.4,95.4,95.2,95,94.8,94.9,94.5,94.3,93.9
Burkina Faso,97.7,97.7,97.8,97.8,97.9,97.9,97.7,97.8,97.3,97.4,97.4,97.3,96.9,96.7,96.7,96.5,95.8,95.6,94.9,93.7,92.5,92.1,91.9,91,90.7,90.1,89.6,89,88.7
Bangladesh,79.6,79.6,79.6,79.6,79.5,79.4,79.3,79.1,78.9,78.7,78.4,78.2,77.9,77.9,77.7,77.4,79.1,80.8,82.3,83.6,81.9,80,78.2,76.2,74.1,72,68.9,67.4,66
Bulgaria,13.9,13.8,13.7,13.6,13.6,13.5,13.4,13.4,13.2,12.9,11.6,12.1,12.4,12.5,11.1,10,9.37,9.79,9.79,10.1,9.4,8.81,9.06,9.33,8.82,8.93,9.03,8.6,8.08
Bahrain,1.11,1.15,1.19,1.25,1.33,1.39,1.47,1.51,1.62,1.75,1.85,1.83,1.77,1.21,1.73,1.73,1.67,1.7,1.76,3.2,3.25,3.21,3.18,3.12,3.06,3.03,3.04,3.05,3.02
Bahamas,9.63,8.26,9.89,11,12.1,13,10.4,10.6,11.2,10.2,9.29,10.5,10.6,12.1,11.3,10.7,10.1,9.45,7.49,7.43,7.46,7.16,7.06,6.93,6.91,6.75,6.77,6.93,6.91
Bosnia and Herzegovina,40.6,43.8,45.6,43.5,39.9,31.5,27.6,26,25.8,26.3,27,27.3,27.6,27.3,27,26.7,26.5,27.5,29.7,27.9,25.5,27.6,24.7,22.2,23,23.9,24.7,21.1,25.9
Belarus,1.93,2.01,2.1,2.22,2.35,2.5,2.65,2.76,2.84,2.9,2.93,2.92,2.9,2.86,2.79,2.7,2.61,2.53,2.46,2.39,2.34,2.3,2.26,2.24,2.23,2.23,2.83,2.77,2.76
Belize,24.7,25,25,25.1,25,24.7,24.7,24.8,25,25.2,25.3,25.6,25.8,25.8,25.9,26,26.2,26.4,26.8,27.1,27.4,27.9,28.3,28.8,31.7,35,32.4,33,33.5
Bolivia,80,79.9,79.8,79.6,79.5,79.2,78.6,78.3,77.5,74.6,73,73.7,73.2,72.8,72.6,70.2,68.8,68.1,66,66.8,67.6,64.4,65.4,68.1,66.6,70.5,71.8,72.2,71.4
Brazil,34.2,34.3,34.1,34.1,34.2,31.8,32.4,32.4,32.8,33.4,34.1,34.7,34.4,33.9,34.7,33.5,32.3,31.4,30.3,28.7,27.4,24.5,24.6,24.2,25.1,25.4,26.4,27,27.5
Barbados,8.64,9.22,10.1,9.76,9.56,9.51,8.22,9.01,9.33,8.01,9.25,9.32,8.9,10.3,10.2,10.2,10.2,10.3,10.8,11.2,11.3,11.6,11.9,12,12.1,12,12.1,12.2,12.3
Brunei,3.9,3.96,4.05,4.12,4.19,4.29,4.44,4.56,4.73,4.94,5.04,5.17,5.32,5.5,5.7,5.84,5.99,6.2,6.33,6.55,6.76,6.9,7.06,7.29,7.55,7.99,8.53,8.54,10.7
Bhutan,78.7,78.7,78.6,78.5,78.4,78.6,78.6,78.3,78.1,78.1,77.8,77.5,77.2,77.1,76.9,76.7,76.7,77.3,77.7,77.7,83.9,85.5,85.2,84.6,84.5,84.2,83.9,83.7,83.2
Botswana,40,38.7,37.2,35.3,27.6,22.1,22.9,23.4,24.3,25.3,26,26.9,27.7,28.9,30.5,31.5,31.7,31.8,33.1,32,31,29.9,28.8,28.1,27.5,27,26.4,25.9,25.4
Central African Republic,93.3,93.6,93.7,93.9,93.9,94.4,94.7,94.8,95.1,95.4,95.4,95.6,95.9,95.9,96.1,95.9,95.8,95.8,95.6,95.6,95.5,95.6,96.3,96.7,96.8,96.9,96.8,96.8,96.8
Canada,10,10.6,11.2,11.4,11.6,12.2,13.2,13.3,12.9,12.3,11.2,11.5,11.4,11.3,11.5,11.4,11.4,11.4,11.9,11.5,11.5,11.5,11.8,11.7,11.9,11.7,11.9,12.1,11.9
Channel Islands,17.3,17.3,17.2,17.1,16.9,16.8,16.7,16.5,16.3,16.1,16,15.9,15.9,15.9,15.8,15.6,15.4,15.3,15.4,15.3,15.3,15.2,15.1,15,14.9,14.8,14.8,14.7,14.7
Switzerland,15.6,15.6,15.6,15.6,15.6,15.6,16.2,15.6,15.2,14.6,14.4,14.2,14.7,13.1,13.4,13.5,13.9,13.2,12.9,13.1,12.9,12.9,13,13,13.1,13,12.8,12.6,12.5
Chile,25.4,25.3,25.2,25.1,25,24.8,25.7,27.3,25.8,25.2,26.7,26.8,26.9,28.1,25.5,26.3,25.6,25.7,25.3,24.9,26,24.8,25.1,25.6,25.2,26,26.5,25.6,25.8
China,66.4,65.3,64.1,63,62.1,61.3,60.7,60.4,60,59.5,59,58.3,57.5,56.6,55.6,54.6,53.4,52.5,51.7,50.7,49.9,49.4,48.9,48.5,48.2,48,47.6,46.9,45.9
Cote d'Ivoire,94.9,94.8,94.8,94.8,94.7,94.6,94.1,94.1,93.8,93.7,94,93.8,93.6,93.2,93,92.6,92.3,91.8,91.2,90.9,90.3,89.4,87.4,86.8,86.8,86.5,83.4,82.4,81.2
Cameroon,94.7,94.7,94.7,94.7,94.5,94.2,93.8,93.4,92.7,91.7,91,91.1,91.2,91.1,90.9,90.5,90.4,89.8,89.7,89.1,88.5,87.6,87,86.3,85.8,85.3,84.4,83.7,83.2
"Congo, Dem. Rep.",95.7,95.9,96.1,96.1,96.2,95.3,96.4,96.6,96.9,96.8,96.2,96.1,96.4,96,95.8,95.8,95.5,94.7,94.5,93.3,92.5,91.8,91.1,90.2,90.1,90.2,89.8,89,89.4
"Congo, Rep.",94.6,94.6,94.6,94.4,94.4,94.2,93.9,94.2,93.6,92.8,93,92.9,92.9,92.5,91.8,91.3,91.6,91.1,91.8,90.5,90.3,90.1,90.4,90.5,91.1,91.4,91.4,91.5,91.2
Colombia,48.7,48.6,48.5,48.3,48.3,48.4,48.4,48.6,49.4,49.3,49.3,48.2,48.9,49,49,48.8,48.6,48.9,51.7,52.1,53,53,51.6,50.3,49.6,49.3,49,49,48.5
Comoros,82,81.9,82,82.4,82.6,82.9,83.1,83.4,83.7,83.5,83.6,83.7,83.7,83.7,82.5,81.3,79.8,78.6,77.4,76.1,74.7,73.4,71.8,70.6,70.5,70.2,69.9,69.8,69.6
Cape Verde,58.7,58.3,58.3,57.8,57.2,56.3,55.5,54.7,54,52.6,52.8,52.8,52,51.6,51.7,52,51.8,51,50.6,50.7,50.8,51,50.9,50.7,50.4,40.5,34.2,33.1,34.5
Costa Rica,25.1,21.4,23.8,23.8,24.3,22.3,25.7,24.3,25.3,23.4,28.7,29.8,28.9,29.4,26.9,26.2,23.9,24.6,25.2,20.9,18.1,19.5,21.4,20.9,21,19.2,20.9,23,23.7
Cuba,6.84,5.9,4.59,4.1,3.77,3.24,3.63,4.04,4.72,4.56,4.83,4.48,5.33,5.39,5.4,4.71,4.27,4.76,4.15,4.15,9.6,8.18,9.89,12.9,12.8,12.9,13,12.8,12.7
Cyprus,19.1,18.8,18.7,18.4,18.1,17.9,17.5,17.2,16.8,16.5,15.9,15.9,15.7,15.7,16,14.8,13.1,12.8,13.9,12.9,11.9,10.9,11.3,12.3,11.5,10.3,10,10.1,10.5
Czech Republic,7.83,7.84,7.84,7.87,7.87,7.9,7.97,9.01,9.68,9.94,10.4,10.5,11.7,11,10.4,10.9,10.6,10.6,11.4,12.2,12.9,13.4,13.5,12.8,12.8,13.2,12.9,12.4,12.3
Germany,7.95,8.09,8.33,8.37,8.5,7.99,8.12,8.16,7.78,7.83,8.52,8.29,8.24,8.81,9.42,9.24,9.23,8.84,8.44,8.42,8.49,8.34,8.1,7.98,7.75,7.65,7.55,7.29,6.98
Djibouti,49.3,49.5,49.7,50,50.2,50.6,50.9,51.4,51.4,51.5,51.6,51.4,51.2,50.9,50.8,50.4,50,49.4,48.9,48.7,48.2,47.5,47.4,46.8,46.1,45.3,44.7,44,43.4
Denmark,7.09,7.18,6.9,6.99,6.24,6.06,5.91,6.33,5.97,5.73,4.69,5.16,5.74,5.15,5.4,5.79,5.31,5.26,5.69,5.41,5.34,5.57,5.6,5.56,5.45,5.66,5.26,5.1,5.37
Dominican Republic,31.1,36.9,33.4,30.4,30.5,30.2,30.2,30,29.9,29.8,31.8,32.4,30,29.4,32.7,31.4,31.5,34.5,32,33.6,32.6,31.6,31.4,29.9,31.9,31.2,30.5,30.5,29.5
Algeria,40.4,40.4,40.4,40.4,40.4,40.4,40.3,40.2,39.7,39,38.4,36.1,33.9,32.5,31.2,30.1,29.1,28.1,27.3,26.4,25.6,26,26.3,26,25.9,25.7,25.5,25.6,25.6
Ecuador,56.5,58.2,59,56.7,56.9,56.5,54,57.3,57.2,56.7,56.3,53.9,51.7,56.9,52.8,54.9,53.7,52.8,52.6,50.8,53.2,53.1,52.7,50.8,53.6,57.3,58.5,58.9,60.1
Egypt,52.1,51.1,50.5,50.7,47.1,45.7,44.5,39.4,35.6,42.9,35.2,32.1,43.7,51.5,49.5,46.4,52.2,49.3,49.8,48,47.2,43.7,48,48.9,48.4,33.9,37,35.9,32.4
Eritrea,92.9,92.7,92.5,92.1,92,91.1,90,90.9,91.2,90.6,89.4,88.5,89.8,89.2,88.9,88.8,88.4,87.7,88.1,88.8,87.7,87.2,87.5,85.9,86.7,86.1,87,86.1,86.2
Western Sahara,60.2,59.9,59.6,59.4,59.2,58.8,58.2,57.5,56.9,56.4,55.5,54.9,54.4,53.8,53.4,52.9,52.1,51.3,50,49.4,48.6,47.6,46.6,45.5,44.4,43.5,42.5,41.5,40.4
Spain,25.2,24.4,24.3,23.8,23.1,22.1,20.6,19.7,17.8,16.7,16.5,15.1,14.3,14.1,14.2,13.6,13.3,13.1,12.6,12.3,12.2,12.7,13,13,12.8,12.7,12.2,11.8,11.7
Estonia,4.78,4.81,4.87,4.98,5.06,5.2,4.96,6.22,6.49,6.7,4.91,4.84,5.73,6.01,5.06,4.92,5.48,4.98,5.33,5.51,5.28,5.18,5.92,5.7,6.66,6.8,6.5,6.83,7.07
Ethiopia,91.3,91.7,91.5,91.6,91.5,91.2,91.2,91.7,91.9,92.5,92.3,92.5,93.1,93,93.2,93.1,92.7,92.6,92.5,92,91.6,91.2,90.9,90.3,89.5,88.8,88.1,87.3,86.6
Finland,11.4,11.2,10.9,10.8,11,11.2,9.53,8.82,9.55,8.85,8.88,8.97,8.73,8.28,8.46,8.44,8.22,8.55,9.03,8.97,8.78,8.86,8.79,9.32,9.44,9.37,9.04,9.22,9.66
Fiji,40.4,40.2,40,39.8,39.6,39.3,39.3,39.3,38.7,38.8,38.6,38.4,38.6,38.2,38.5,40.6,42.8,45,47.6,49.8,52.3,52.5,52.1,51.5,50.9,50.6,49.7,49.1,48.7
France,12.5,12.2,11.2,11,10.8,10,9.76,9.21,8.93,8.27,7.92,7.69,8.13,7.77,7.42,7.76,7.37,7.34,7.3,7.58,7.76,7.65,7.71,8.15,8.15,8.37,8.52,8.34,8.74
Gabon,69.3,68.6,67.4,64.8,62.8,60.9,58.9,56.9,55.7,54.7,53.3,51.8,50.3,49.1,48.1,46.7,45,44,41.6,40.3,40,39,38.3,37.4,36.6,36.2,36.2,36.4,36.4
United Kingdom,8.24,7.97,7.94,7.98,7.86,7.78,7.91,7.83,7.62,7.82,7.41,7.44,7.85,7.85,7.79,8.1,8.22,8.15,8.52,9.01,9.24,9.67,9.79,10.5,10.4,10.9,11,10.9,11.1
Georgia,44.6,45.9,47.2,48.7,50.6,52.7,54.3,55.8,57.4,62.5,64.4,64,65.6,65.4,65.3,66,64.2,61.9,60.6,58.1,58.3,57.5,57.2,56.1,53.6,51.1,51.4,47.3,46.3
Ghana,93.8,93.7,93.2,93.1,93,92.9,92.7,92.5,92.3,92,91.7,91.4,91,90.7,90.2,89.8,89.5,89.2,89,88.4,86.3,85.3,84.6,83.7,83.5,83.5,82.6,81.7,80.9
Guinea,97.5,97.6,97.5,97.6,97.6,97.6,97.5,97.6,97.5,97.4,97.5,97.4,97.4,97.5,97.4,97.4,97.5,97.3,97.6,97.6,97.6,97.6,97.8,97.7,97.9,97.7,97.6,97.6,97.5
Gambia,91.4,91.3,91.2,91,90.9,90.4,90.4,90,89.7,89.3,88.7,88.4,87.8,87.2,87.2,87,86.7,86.6,86.1,85.7,85.6,85.1,84.8,84.8,83.9,82.9,83.1,83,82.5
Guinea-Bissau,80.9,81.2,81.2,81.1,80.9,80.6,79.4,80.8,81.5,82.7,82.5,82.5,82.7,83,83.4,83.2,83.3,82.9,83,82.9,82.6,82.6,82.1,82.8,82.8,82.3,81.8,81.7,81.3
Equatorial Guinea,99,98.9,98.9,98.7,98.6,98,97.1,96.8,95.9,95,93.3,92.1,90.5,87.4,84.4,82.3,80.8,77.9,79.4,79.1,77.4,76.8,78.8,79.8,83.6,86,85.8,86.2,88.4
Greece,45.5,46.1,45.1,45.4,44,43.9,42.6,41.4,39.4,39,35.8,35.3,35.1,31.7,31.8,31.6,30.7,30.7,30.5,31,31.4,31.4,31.9,30.4,29.6,29.4,29.2,28.4,26.5
Guatemala,58.3,58.3,58.3,58.2,58,58.1,57.9,57.6,57.5,57.3,58.3,59.6,60.9,59.2,58.6,57.9,57.3,56.9,56.9,56.6,46.4,58.6,49.9,48.3,48.4,47.4,49.8,49.3,48.9
Guam,12.1,12,12,12,11.9,11.8,11.7,11.7,11.6,11.5,11.4,11.3,11.3,11.2,11,11,11,11,11,10.9,10.9,10.9,10.8,10.8,10.7,10.7,10.6,10.6,10.6
Guyana,50.7,50.1,49.6,49.3,48.8,48.5,48,47.5,47,46.5,45.9,45.2,44.2,43.3,42.3,41.4,40.8,40,39.3,38.7,38,37.5,37,36.4,35.9,35.6,35,34.4,33.8
"Hong Kong, China",5.52,5.42,5.31,5.27,5.22,4.98,4.86,4.8,5.42,5.02,5.75,6.45,6.75,7,6.69,6.55,6.09,6.2,6.25,5.34,5.78,5.66,5.59,5.22,5.28,5.27,5.22,5.15,5.15
Honduras,56.1,56,55.8,56.2,56,56.2,56.1,56.1,56.6,56.2,56.4,56.3,55.9,55.4,54.8,53,52.3,52.2,57.5,58.1,53.8,57.3,58.8,54.9,56.4,54.1,58.6,58.5,54.7
Croatia,27.5,28.1,28.8,28.8,28.3,27.9,25.1,23.3,23.4,22,20.9,21.6,22.9,23.1,24.3,21.2,19.1,19.2,19.1,21.2,21,18.1,15.5,12.4,12.3,10.5,9.97,9.98,9.17
Haiti,87,86.9,86.8,86.7,86.5,86.3,86.3,86.1,85.9,85.8,85.6,85.3,85,84.8,84.5,84.4,84.1,83.9,83.7,83.9,83.4,83.3,83,82.7,82.4,82.2,82,81.8,81.5
Hungary,16.6,16.5,13.7,13.3,13,12.7,12.5,11.7,11.2,10.5,10.3,10,9.21,10.3,9.78,9.07,9.21,8.54,9.16,8.92,8.53,8.71,8.22,7.78,7.98,8.19,8.26,8.14,8.34
Indonesia,76.7,76.2,75.6,74.7,73.8,72.7,71.2,72.4,72,71.8,69.6,69.5,70.9,70,66.4,65.8,67.3,67.3,66.8,65.6,63.7,61.4,60.4,60.4,58.4,58.1,58.4,59.1,58.9
India,91.5,91.5,91.6,91.6,91.5,91.4,91.3,91.2,91,90.9,90.6,90.3,90,89.7,89.3,88.9,88.6,88.3,87.9,87.5,85.5,83.2,82.3,81.4,80.4,79.4,78.2,76.8,75.8
Ireland,10.5,10.7,11,10.1,9.77,9.68,9.51,9.66,9.21,9.08,8.15,7.64,7.77,7.79,7.12,6.74,7.4,7.73,7.99,8.21,7.98,7.94,8.5,8.28,8.38,8.52,7.9,7.95,7.73
Iran,43.3,42.9,42.6,42.8,42.7,42.3,44.1,45.8,47.7,49.1,51.1,52.3,52.9,53.7,54.8,56.2,57.3,53.2,53.4,49.7,47.3,46.3,44.8,43,43.7,44.8,43.8,44.1,43.7
Iraq,38.6,38.5,39,39,38.9,39.1,39.1,39.1,38.4,37.7,37.7,37.6,36.8,37.9,37.9,38.1,38.2,38,38.3,38.2,37.9,37.8,32.7,27.3,22.1,16.1,9.16,5.93,3.64
Iceland,10.6,10.6,10.8,10.8,10.7,11.5,12.5,12.4,12.3,11.9,10.5,10.1,8.1,9.31,8.13,8.36,8.3,7.91,7.25,8.96,8.95,9.03,8.74,8.36,7.96,7.96,7.9,8.59,8.05
Israel,5.25,5.43,5.56,5.72,5.91,6.16,5.89,6.03,6.57,6.59,6.22,6.42,6.78,6.73,6.82,7.43,7.05,6.96,7.43,7.4,7.76,8,8.06,8.36,8.41,8.57,8.52,9.34,9.43
Italy,24.6,24.5,24.4,24.3,24.1,24,23.8,23.6,23.4,23.1,22.8,22.5,22.4,22.2,20.5,20.4,20,19.3,18.5,18.5,18.3,18.3,18.3,18.5,18.3,18.1,17,16.9,17.1
Jamaica,38.3,37.8,36,35.7,34,34.4,33.6,33.9,34.6,34.6,34.4,31.9,32.1,34.1,32.9,33.5,31.2,33.1,33,32.6,32.3,32.7,32.8,32.8,32.8,32.9,33,33,33.1
Jordan,2.74,2.77,2.79,2.82,2.85,2.89,2.94,2.99,3.04,3.1,3.15,3.24,3.28,3.34,3.22,3.15,3.13,3.06,2.93,2.82,2.75,2.65,2.53,2.47,2.42,2.37,2.34,2.31,2.31
Japan,26,24.6,23,22.2,21.7,20.7,20.2,20,19.6,18.6,17.5,16.7,16.2,15.8,15.3,14.1,13.6,12.9,12.4,11.4,11,10.7,10.4,10.2,9.72,9.15,8.89,8.7,8.4
Kazakhstan,31.6,32.8,34.5,36.4,38,39.7,41.4,42.9,44.1,44.8,44.9,43.1,41.7,39.2,38,36.4,35.4,35,34.8,34.4,33.3,31.3,29.6,27.6,25.6,24.6,23.5,23,22.4
Kenya,80.5,80.5,80.6,80.5,80.9,80.5,80.4,80.2,80.2,79.6,79.3,79,78.9,78.6,78.4,78.4,76.5,74.9,73.1,71.2,69.2,67.4,65.6,63.9,62.2,60.6,59.5,58.3,57.2
Kyrgyz Republic,35.3,36.7,38.3,40.8,43.6,46,48,49.7,51,52,51.8,51.7,52.8,50.8,48.8,47.7,43.5,39,34.7,32.8,33.7,33.2,39.9,39.1,35.5,33.1,29.2,27.3,25.9
Cambodia,94.9,94.6,94.5,95.8,95.3,94.9,94.6,94.1,92.9,91.7,90.7,89.7,88.5,86.9,84.8,82.8,80.9,79.4,77.8,76.4,73.5,69.7,66.2,61.4,57.7,58.4,56.1,54.2,53.2
South Korea,41.3,41.2,41.9,40.9,40.6,40.2,39.9,41.5,39.9,38.6,37.8,36.6,34.5,33.6,32.9,32.2,31.1,30.4,28.8,27.1,26.5,26,25.3,24.6,23.4,22.6,22.7,22.5,22
Kuwait,0.525,0.53,0.525,0.514,0.504,0.506,0.504,0.497,0.511,0.52,0.518,0.512,0.493,0.467,0.448,0.397,0.387,0.456,0.66,1.04,1.64,0.718,0.463,0.362,0.308,0.598,0.528,0.524,0.527
Lao,96,95.8,95.5,95.1,94.7,94.5,94.2,94,93.7,93.4,93.1,92.8,92.5,92.1,91.7,91.1,90.6,90.1,89.6,89.1,88.3,87.4,86.6,85.8,85,84.1,83.2,82.3,81.5
Lebanon,15,15,15,15.1,15.1,14.9,14.9,14.8,14.9,14.9,14.9,15,15,15,15.7,16.6,17.3,16.4,15.5,14.8,14.6,14.5,14.4,14.5,14.5,14.6,14.6,14.8,15
Liberia,85.4,87.5,89.7,91.6,93.6,94.8,94.2,93.6,93.2,91.4,89.9,89.2,90.8,91.1,91.1,90.7,90.9,91.1,91,90.9,90.8,90.6,90.5,90.5,91,91.1,91,91,91.6
Libya,30.4,30.6,30.8,31,31.4,31.6,31.8,32.2,32.4,32.4,32.6,32.7,32.2,32.1,31.5,31.3,31.2,31.4,32,32.2,32.7,31.5,32.5,33.4,34,34.5,34.4,34.2,34.1
St. Lucia,24.2,24.4,24.4,26.8,27,28.9,25.3,26,25.1,28,27.6,27.2,26.5,25.8,25.4,24.7,24.5,24,23.8,23.5,22.8,22.3,22.1,21.6,21.2,20.6,20.2,19.6,21.9
Sri Lanka,31.7,34.9,34.5,35.8,36.9,36.1,38.3,44.9,43.1,44.7,39.9,41.4,40.9,39.4,41.8,45.7,45.2,45.7,45.5,46,47,44.1,46.4,45.5,45.2,44.4,44.5,42.4,41.2
Lesotho,73.7,73.3,73.1,72.8,72.6,72,71.8,71.1,70.3,69.2,68.1,67.1,66.5,65.7,64.7,63.4,62.4,61,60.9,60.1,59,58.2,57.3,56.2,55.4,54.5,53.8,53.3,52.7
Lithuania,16.6,16.7,16.8,17,17.1,17.1,16.9,16.8,17.3,16.7,15.9,17.8,17.9,15.7,14.8,14.9,11.7,8.93,9.35,8.8,8.76,8.95,9.67,10.2,10,9.53,9.38,9.17,8.56
Luxembourg,8.26,8.23,8.2,8.16,8.17,8.17,8.09,8.01,7.87,7.66,7.58,7.53,7.47,6.7,7.02,6.45,6.25,6.71,6.97,6.69,7.24,8.06,8,7.31,8.68,8.7,8.78,7.42,7.7
Latvia,11.3,11.5,11.8,12.2,12.4,12.6,18.2,16.1,15.4,13.5,13.2,11.3,10.9,12.7,9.77,9.93,8.9,7.49,8.75,9.4,9.1,8.98,9.33,8.79,9.49,9.88,10.4,9.69,9.89
"Macao, China",7.49,7.37,7.24,7.09,6.89,6.99,6.38,5.95,6.88,8.04,7.42,6.5,7.07,7.6,6.53,6.33,5.4,4.73,4.84,4.49,4.38,4.22,3.92,4.25,4.17,3.63,3.73,3.54,3.6
Morocco,73.4,73,72.7,72.4,71.9,72,71,70.8,71.9,69.7,67.6,65.5,65.3,68,67.6,65.9,65.3,65.6,65.6,64.5,65.8,64.9,64.7,65.1,63.8,62.3,60.8,58.9,57.1
Moldova,18.4,19.9,21.4,23.6,24.5,26,27.4,29.9,33.4,37.9,40.5,41,34.9,35.4,35.9,31.2,30.3,29,25.3,24.7,24.9,24.9,27,27.6,30.8,33,30.3,28.3,26.1
Madagascar,88.6,88.7,88.5,88.7,88.5,88.5,88.7,88.6,88.4,87.7,87.1,87.9,87.9,88.9,89.5,90.1,91,91,92.5,93.3,92.6,92,92.1,91.9,92,91.7,91.3,90.1,89.6
Maldives,60.4,59.8,59.2,58.5,57.8,56.9,55.9,54.9,53.8,52.9,52.9,52.2,50.4,49.1,50.2,50.6,39.6,32.3,29.1,30.7,32.8,35.7,38.8,42,38.2,35,35.1,35,34.8
Mexico,38.4,39.9,41.5,41,40.8,39.1,41.5,38.5,38.1,35.4,35.7,36.8,37.5,37.1,35.4,35.1,35.2,34.7,35.2,34.4,34.7,34.4,33.7,32.7,32.9,32.6,31.6,31.9,32.8
North Macedonia,15.8,16.2,17,17.5,18,18.7,19.4,19.9,22.3,24.3,30.4,28.5,25.8,19.5,24.2,25.6,23.1,25.1,23.5,24.8,24.3,23.5,25.1,21.8,21.3,19.8,19.5,19.4,17.3
Mali,94.5,94.6,94.6,94.6,94.4,94.4,94.2,94.3,94,93.8,93,92.8,92.3,92.1,91.6,90.8,90.9,91.1,90.3,90.3,90.6,90.5,90.6,89.9,89.7,89.2,89.1,87.9,87.2
Malta,5.74,5.72,5.68,5.65,5.61,5.59,5.55,5.56,5.58,5.88,5.14,5.32,8.43,5.91,6.41,6.08,7.36,6.52,6.89,6.33,6.19,6.67,6.39,6.98,7.31,6.27,8.43,8.35,9.89
Myanmar,81.7,81.5,81.4,81.3,81,80.8,80.5,80.2,79.6,78.8,77.9,77,76,74.9,73.8,72.7,71.6,70.6,69.5,68.5,67.8,67,66.2,65.4,64.5,63.8,63.1,66.5,64.9
Montenegro,12.8,13.5,14.5,14.6,14.2,13.4,13,12.7,13.8,13.8,14,14.2,14.6,14.6,14.5,15.7,17.1,14.4,10.4,10.6,10.8,12.6,10.8,13.6,15.5,15.6,15.3,14,13.3
Mongolia,54.8,55.7,56.2,56.4,56.3,56.2,56.1,55.8,55.7,55.8,55.6,55.2,54.7,53.7,53.3,52.9,52.3,51.9,52.5,52.9,52.8,50.3,48,47.2,48.3,45.5,46.4,45.9,45.6
Mozambique,97.8,97.9,98,98,97.9,97.7,97.5,97.3,97.1,97.1,96.8,96.9,96.9,96.6,96.6,96.2,96.1,96,95.9,95.6,95.4,95.1,94.9,94.7,94.4,94,93.3,93,93.2
Mauritania,78.9,79.1,78.8,79.1,79.1,79.1,78.9,78.6,78.1,78.9,78.5,78.4,78.4,77.6,76,73,72.7,71.4,72,70.4,70.1,70.4,71.6,73.7,75.3,75.9,77.1,77,76.6
Mauritius,12.1,12.2,12.3,12.5,12.6,12.7,12.8,12.9,13.2,13.5,13.3,14.1,20.4,15,15.6,15.6,16.2,16,15.9,16.6,15,16.4,15.5,15.9,16.1,15.2,14.8,13.9,13.5
Malawi,58.4,58.9,59,61.2,60,59.3,59.7,59.4,59.7,60.7,62.9,63.2,63.3,64,65,65.3,64.7,65.5,65.8,65.6,65.5,66.4,67,66.6,67.3,67.8,68.2,68.7,68.9
Malaysia,29.8,29.3,28.7,27.9,26.9,28,26,24.9,24.4,23.6,23.1,22.8,22.6,23.3,21.5,21.9,22.7,21.1,21.7,21.4,20.1,22.9,25.1,24.9,27.1,26.5,26.5,28.8,28.8
Namibia,44.7,44.9,45.4,45.3,45.9,46.2,46.1,46.2,46.8,46.5,46.4,46.2,46.6,45.7,45.4,44.5,44.2,43.9,44.1,44,43.8,43.8,45.1,41.4,38.2,35.3,38.9,42.9,43.5
New Caledonia,10.6,10.7,10.8,10.9,11.1,11.3,11.5,11.7,12,12.2,12.4,12.6,12.8,12.9,13,13.1,13.1,13.3,13.4,13.6,13.7,13.8,14,14.1,13.9,13.7,13.5,13.2,13
Niger,87,87.2,87.6,87.7,88,88.4,88.7,88.9,89.6,90.1,90.2,90.6,90.9,91.4,91.6,91.7,91.7,91.5,91.8,91.6,91.9,90.4,95.1,97.8,98,98.1,98.1,98.2,98.2
Nigeria,92.5,92.4,92.6,92.6,92.3,92.2,92.2,92.6,92.5,91.8,92.1,92.1,91.3,90.4,89.9,89.7,89.3,88.6,88.5,87.3,86.1,86.7,87.2,87,87.5,87.7,86.8,86,85.5
Nicaragua,48.8,49.1,49.6,49.5,49.1,48.7,48.5,48.6,48.1,48.2,49,50.3,51.6,49.2,49.2,48,48,48,49.9,50.2,50.3,50.2,50.3,50.3,49.4,48.5,47.7,48,48.4
Netherlands,11.6,9.97,10.2,11,11.3,10.3,10.4,9.64,9.75,9.4,9.75,9.48,8.6,9.63,10.4,10.8,10.7,11,11.5,11.5,11.5,11.7,12.2,12.7,13.3,13.2,13.2,13.1,13.2
Norway,6.73,6.57,6.37,6.01,6.53,5.8,5.18,5.37,4.94,4.82,4.99,4.19,4.36,4.28,4.44,4.87,4.63,4.44,4.87,4.41,4.04,4.11,4.41,4.34,4.61,4.54,4.33,4.3,4.15
Nepal,93.8,93.8,93.8,93.8,93.8,93.7,93.6,93.5,93.4,93.3,93.1,93,92.9,92.8,92.7,92.5,92.4,92.2,92,91.7,91.3,90.9,90.4,89.8,89.3,89,88.6,88.3,87.9
New Zealand,14.2,14.7,14.6,15.1,15.2,14.9,14,14.2,14.8,14.6,13.9,13.2,13.1,13.6,13.4,12.6,12.6,12.5,11.8,11.9,12.6,12.4,11.6,11.8,11.6,14.4,15.2,14.7,14.6
Oman,8.05,7.98,7.92,7.98,8.03,8.12,8.71,9.31,10.2,11,9.96,9.19,8.57,7.95,7.42,6.85,6.29,5.84,5.29,4.94,4.92,4.79,4.73,4.6,4.53,4.51,4.51,4.44,4.43
Pakistan,74.8,74.8,74.6,74.1,75.2,74.8,66.6,74.8,74.7,66.6,66.6,62.7,62.5,68.8,68.6,73.4,75.1,77.3,77.5,79.3,78.6,77,75.4,73.5,75.2,76,73.9,71.6,70.4
Panama,18.3,16.8,16.3,17.2,19.8,20.4,21.1,22.8,23.1,20.9,21,24.9,25.2,25.2,28,27.6,25.4,26.8,33,30.1,25.6,28.6,29.5,29.2,30.6,33.3,32,35.5,36.7
Peru,68,67.6,67.4,67.3,66.9,66.6,66.3,66.3,66,66.1,65.7,65.5,67.6,67,66.9,65.3,63.6,62.9,63.2,63.4,62.3,61.4,61.3,61.2,60.1,60.3,60.5,60.9,61.3
Philippines,51.6,51.8,51.8,51.5,51.3,50.8,50.2,50.8,51.2,49.2,51.7,52.1,51,49.3,50.4,49.9,49,48.8,48.3,47.2,47,45.7,44.4,44.9,43.4,42.1,40.7,39.9,39.5
Papua New Guinea,93.6,93.2,92.7,92.4,92.5,92.1,92.4,92.7,92.5,92.7,92.8,92.9,92.8,92.5,92,91.4,90.7,90.7,90.1,89,89,88.8,88.5,87.1,86.2,85.7,85.3,85.5,84.9
Poland,29,29,29.9,29.2,27.6,27.6,26.7,25.4,24.1,25,25.8,25.4,23.7,23.8,23.1,21.7,20.9,20.4,20.1,20.1,19.8,19.2,18.4,17.7,17.6,16.8,16.1,16,15.7
Puerto Rico,7.95,7.61,7.47,6.97,7.56,7.51,7.61,7.3,7.48,7.11,7.08,8.11,7.33,7.84,7.65,8.34,8.9,7.66,7.29,7.71,7.24,8.59,8.35,8.11,7.87,7.86,7.88,8.71,9.44
North Korea,86.6,86.7,86.8,86.9,87.1,87.2,87.4,87.6,87.6,87.6,87.6,87.6,87.5,87.5,87.4,87.4,87.4,87.4,87.4,87.4,87.4,87.4,87.4,87.3,87.3,87.2,87.2,87.3,87.2
Portugal,24.3,24.2,25,25.8,25.4,26.2,27.1,26.8,26,24.5,26.2,25.6,25.7,23.9,24.1,23.2,22.9,22.6,21.5,20.4,17.2,17.7,17.4,14.9,13.9,13.4,12.7,12.4,12.8
Paraguay,54.8,54.8,54.8,54.8,54.8,54.9,55,55.3,55.5,55.7,55.8,55.2,54.4,56.6,51.3,52.3,52.6,49.3,51.5,48.9,47.9,50.9,44.6,44.9,44.4,45.2,45.8,43.9,43
Palestine,52.6,53,53.3,53.3,52.7,52,51.1,49.2,47,44.7,36.6,39.5,45.9,43.7,44.1,46.1,48.8,38.4,33,32.7,35.1,36.8,35.1,37.6,33,29.3,26.2,24.5,22.7
French Polynesia,18.6,18.7,18.8,18.9,18.8,18.7,18.1,17.4,16.8,16.1,15.6,15,14.5,13.9,13.4,12.9,12.4,11.9,11.5,11.2,11,10.8,10.5,10.3,10.1,9.82,9.55,9.25,8.95
Qatar,0.0848,0.0874,0.08,0.0736,0.0675,0.0662,0.0668,0.0693,0.0703,0.0751,0.0874,0.105,0.129,0.16,0.23,0.318,0.31,0.416,0.47,0.481,0.511,0.43,0.437,0.397,0.391,0.385,0.402,0.482,0.577
Romania,36.8,42.6,42.3,41.7,45.5,42.2,45.5,46.3,47.7,48.6,48.5,41.5,41,34.2,34.8,32.9,33.4,32.4,32.5,34.4,33.3,33.4,32.7,31.7,27.7,25,24.5,23.9,22.5
Russia,0.458,0.551,0.847,1.24,1.7,1.93,3.43,3.37,11.3,10.4,8.48,8.21,7.5,7.57,7.99,7.62,7.35,7.36,7.52,5.93,6.21,6,6.37,6.22,6.26,6.36,5.47,5.77,6.69
Rwanda,97.2,97.1,97,97.5,97.3,96.8,96,95.5,95.4,95,94.2,93,92.8,91.9,90.9,89.7,88.2,86.8,86,84.8,82.7,81.6,80.3,78.7,77.9,77.7,77.7,77,76.3
Saudi Arabia,2.07,2.04,2.07,2.1,2.15,2.18,2.22,2.23,2.33,2.34,2.4,2.49,2.52,2.55,2.59,2.64,2.69,2.73,2.79,2.23,1.78,1.44,1.19,1.39,1.35,1.3,1.32,1.34,1.33
Sudan,72.7,72.7,72.6,72.6,72.4,72.2,71.9,71.6,71.5,70.9,70.5,70.2,69.6,69.1,69,68.6,68,67.9,67.8,68.6,68.1,67.4,67,66.7,66.4,65.6,64.7,64.1,63.5
Senegal,93.2,92.8,92.1,91.1,90.4,89.9,89.3,88.3,87.3,86.4,85.3,84.9,84.4,83.5,82.9,82.2,81,80.4,79.5,78.6,77.5,76.6,76,74.8,73.7,72.9,71.9,71.1,70.2
Singapore,7.5,7.47,7.04,7.56,6.49,8.02,8.19,8.24,9.46,9.37,9.38,9.32,9.43,9.6,9.81,10,9.94,9.79,9.8,9.39,10.2,10.6,10.3,9.79,8.99,9.05,9.3,9.14,8.68
Solomon Islands,80.6,80,79.8,79.3,78.8,78.9,79.5,79.7,80.4,82.7,84.6,85.6,84.9,84.4,83.8,82.8,81.6,80.3,81.2,80,77.6,76.7,76.2,75.8,75.4,74.8,74,73.2,72.4
Sierra Leone,95.5,95.7,95.8,95.9,96,96.1,96.3,96.3,96.6,96.6,97,96.7,96.5,96.3,96.4,96.4,96.3,96.4,96.5,96.4,96.3,95.6,94.6,94.8,96.3,96.1,96.1,96.1,96
El Salvador,50.4,50.3,49.6,49.6,48.9,49.2,48.2,48.3,48.5,48.7,49.1,49.8,47.8,48.1,50.1,46.9,48.3,48.3,48.8,48.9,48.3,48.2,48.9,45.7,47.3,47.5,47.7,46,47.4
Somalia,91.7,92.1,92.3,93,93.3,93.5,94,94.3,94.6,94.9,95.2,95.4,95.5,95.6,95.6,95.7,96.8,96.7,96.5,96.3,96.1,96.3,96.5,96.6,96.7,96.8,96.9,97,97.1
Serbia,33.8,35.2,37.8,38.2,36.4,36.2,35.8,35.9,38.7,38.2,37.5,36.8,36.5,35.5,34.8,33.9,32.8,32.1,29.4,28.9,26.4,26.1,28.3,27.1,24.7,26.5,26.4,23.9,23.5
South Sudan,97.5,97.5,97.5,97.5,97.5,97.5,97.5,97.4,97.5,97.5,97.4,97.4,97.4,97.4,97.4,97.3,97.2,97.1,97,96.9,96.8,96.7,96.4,96,95.8,95.8,95.7,95.6,95.3
Sao Tome and Principe,81.4,81.2,81,80.8,80.6,80.4,80.3,79.9,79.3,78.6,77.2,76.8,76.2,75,74.1,72.7,71.3,69.7,67.9,66.9,65.7,64.7,63.5,62,61,59.9,58.9,57.9,56.9
Suriname,15.2,15,15.1,13.6,12.6,11.9,12.5,11,11.1,11,11,10.9,10.8,10.7,10.7,10.6,10.6,10.5,10.5,10.5,10.4,10.5,10.5,10.7,10.7,10.9,10.7,10.7,10.7
Slovak Republic,3.94,3.94,3.91,3.84,3.86,3.86,3.87,3.89,4.39,4.3,4.94,4.4,5.42,7.27,6.99,7.4,7.3,7.8,9.73,9.34,9.81,10,9.83,9.97,10.3,10.6,10.5,9.85,9.92
Slovenia,12,12.1,12.3,14.6,14.2,13.3,16.4,16,15.4,13.1,13.9,13,11,13.1,12.6,13.3,13.2,11.3,12.8,14,13.4,12.8,13.6,16,13.5,10.7,11.7,11.9,9.74
Sweden,6.92,6.93,6.96,6.92,6.86,6.75,6.62,6.61,6.34,6.09,5.77,5.69,5.43,5.58,5.77,5.75,5.82,5.92,6.22,6.44,6,5.93,6.22,6.21,6.23,6.12,5.78,5.6,5.67
Eswatini,29.1,29.3,29.5,29.4,29.9,30,30.6,31.4,32.1,33,33.9,34.8,35.3,36,36.6,37.1,37.6,37.8,38.2,38.5,39,39.7,40,40.5,41,41.6,41.4,41.3,41.2
Syria,59.2,58.4,57.6,57.6,57.2,57.6,57.7,57.4,55.5,54,53.6,48.3,43,38.3,34.4,30.3,31.1,28,21.6,24.1,17,13.8,12,10.3,9.57,9.06,8.52,8.08,7.61
Chad,99.1,99.1,99.2,99.2,99.2,99.3,99.2,99.2,99.3,99.4,99.3,99.3,99.1,98.6,98.3,98.3,98.2,98.2,98.6,98.3,98.2,98.1,98.5,98.4,98.4,98.7,98.9,98.9,98.9
Togo,93,93.1,93.6,93.4,93.2,93.2,92.9,93.4,93.5,93.6,94,93.8,93.7,94,94.7,94.6,94.4,94.3,94,93.8,93.3,92.7,92,91.6,91.2,90.3,89.7,89.2,88.8
Thailand,72.1,72,68.7,68.5,67.6,65.7,64.7,64.7,62.4,61.1,59.9,60.5,59.7,56.8,57.2,57,57.4,57.3,56.5,56.7,58.5,59.1,56.1,53.3,52.2,51.3,50.6,51.6,50.3
Tajikistan,38.5,40.1,41.6,42.6,44.7,46.8,48.7,50.9,52.9,53.8,54.3,53.9,53,51.3,49.7,49,48.1,46.8,45.9,45.2,43.8,42.6,41.4,39.9,38.6,37.4,35.4,34,32
Turkmenistan,36.3,38,39.2,40.5,42.2,44.1,44.8,46.4,48,48.9,50.1,50.9,51.3,51.6,51.6,51.5,51.2,51.3,50.3,49.2,48.2,46.8,45.3,43.7,42.1,40.8,39.3,37.8,36.3
Timor-Leste,87,86.5,86,85.5,84.8,84,83.4,83.6,86.5,85.3,83.8,85,85.4,84.5,83.7,84.5,83.2,81.4,80.1,78.5,78.3,78.3,78.8,79.2,79.9,80.1,80.7,80.7,80.1
Tonga,65.3,65.2,64.8,64.1,63.7,63.6,63.6,63.2,62.6,61.9,61.2,60.4,59.7,59.4,58.8,58.6,58.8,58.2,57.5,56.5,55.5,54.7,54.5,53.5,52.4,51.3,50.4,49.7,49.1
Trinidad and Tobago,22.4,22.3,23.1,23.2,22.1,20.7,21.3,19.2,19.9,19.4,19.4,16.9,16.9,15.2,16,15.3,14.8,14.6,14.3,14.6,15.2,13.6,14.9,14.9,14.6,15.7,16.2,16.4,16.6
Tunisia,30.4,30.4,30.3,30.3,30.1,30.2,29.8,29.5,29.3,28.9,28.6,28.3,28.2,28,27.8,28.9,24.3,21.6,20.6,26.1,20.5,19.8,18.6,17.3,16.1,15.4,15,14.7,14.3
Turkey,61.9,61.9,63.4,61.7,60.9,59.9,59.5,58.4,57.8,57.3,57.1,55.2,54.2,53.3,51.1,49,47.3,46.6,48.7,49,48.1,45.4,43.1,39.5,37.9,36.3,36.3,34.5,33.2
Taiwan,27.9,27.9,27,26.6,26.4,26.3,25.5,24.8,24.9,24.2,23.5,23.7,23.4,22.8,22.2,21.7,21.2,20.2,19.3,18.8,18.2,17.6,17,16.9,16.5,16.4,16.5,16.2,16.1
Tanzania,96.2,96.2,96.2,96.2,96.2,96.2,96.1,96,96,96,96,95.7,95.4,95.2,94.9,94.5,94.3,93.9,94,93.3,92.4,92.1,91.4,90.8,90.4,89.7,89.1,88.1,87.3
Uganda,95.2,95.2,95.1,95,94.8,94.5,94.3,94.2,93.9,93.9,93.7,93.3,93.1,92.3,91.7,90.9,89.7,88.7,88.3,87.6,86.8,85.9,85.5,85.3,85,84.4,84.4,83.8,83.2
Ukraine,6.98,7.39,7.92,8.8,9.95,11.3,12.9,14.5,16,17.4,18.4,19,19.3,19.1,19,18.9,18.5,18.3,19.1,19.6,20.1,19.5,19.7,14.1,13.9,13.4,13.6,13.7,12.4
Uruguay,23.1,23,23,23,22.9,22.8,22.7,22.5,23,22.3,24.1,23.8,23.5,24.9,23.9,26.5,26.9,26.8,26.8,26,25.7,24.4,24.1,23.7,24.1,24.5,24.3,24.2,25.3
United States,6.79,6.34,6.34,7.07,6.96,6.87,6.76,6.41,6.18,6.27,6.2,6.03,6.11,6.07,5.93,5.95,5.83,5.56,5.64,5.58,5.5,5.59,5.57,5.36,5.26,5.16,5.28,5.17,5.08
Uzbekistan,38.4,38.9,40.3,41.5,43.2,45.1,46.8,47.8,48.6,49.5,50.1,50.5,51,51.1,50.9,50.4,49.3,48.1,46.8,45.7,44.5,43.5,42.3,41.1,39.7,38.2,37.1,35.7,34.1
St. Vincent and the Grenadines,20.5,20.8,20.9,20.8,21,21.1,21.1,21.1,21.2,21.3,21.4,21.5,21.4,21.4,21.5,21.4,21.3,21.4,21.5,21.6,21.7,21.8,21.8,21.9,21.9,21.9,21.9,21.9,22
Venezuela,28.2,28.5,29.1,29.8,32.3,35,34.3,40.4,41,41.9,43,41.9,42.2,38.2,36.9,35.7,34.7,34.7,35.2,35.8,34.8,34,34.3,35.3,36.7,38.5,40.3,41.9,42.9
Virgin Islands (U.S.),5.61,5.62,5.63,5.62,5.62,5.63,5.62,5.64,5.66,5.64,5.68,5.71,5.77,5.76,5.74,5.7,5.66,5.67,5.8,5.79,5.96,6.16,6.33,6.4,6.45,6.47,6.54,6.58,6.63
Vietnam,91.2,90.6,89.9,89,87.9,86.6,85.1,82.4,84.7,84.6,82.6,82.9,82,78.9,77.2,75.6,74.2,73.2,72.4,72,71.3,70.9,70.6,69.4,65.8,64.3,62.3,60.6,58.9
Vanuatu,85.5,85.4,85.4,84.8,84.7,84.5,83.9,83.4,83.1,82.1,82.5,83.3,82.7,82.1,81,79.4,78.5,77.3,76.6,75.5,74.8,74.4,73.9,73.5,73.4,72.8,72,71.5,70.9
Samoa,47.2,47.3,47.1,47.3,46.8,46.3,46.2,46,45.8,45,44.1,43.5,42.7,42.1,41.4,40.8,39.8,39.2,39,38.3,37.2,36.9,34.6,32.5,30.2,27.8,25.8,25.2,24.2
Yemen,71.6,71.4,71.3,71.2,71.3,71,70.1,68.8,68.7,69.5,69.1,69,69.5,70.1,70.5,70,69.4,70.1,69.2,70,69.4,68.7,68.1,67,64.9,64.3,63.3,62,61.5
South Africa,20.6,20.8,21.1,21.3,21.6,21.7,21.9,22.1,22.3,22.6,22.4,22.2,22,21.1,23.1,22.7,20.5,16,14.6,14.6,14.1,13.1,13,11.8,12.1,12.3,13,12.5,13.3
Zambia,87.4,87.5,88.1,88.2,88.7,88.8,88.8,89.8,90.6,90.5,90.8,90.9,91,90.8,90.9,90.4,90.4,90.3,90.5,89.9,89.3,89.1,88.3,87.4,86.7,85.7,84.1,84.5,82.2
Zimbabwe,82.6,83,82.7,82.2,81.6,79.8,78.3,77.7,77.3,78,76.7,76.6,76.9,76.3,74.2,71.8,72.8,77,77,76.9,76,75.3,75.4,75.6,76,76.3,76.9,77.5,79.6
